都道府県コード又は市区町村コード,NO,都道府県名,市区町村名,名称,住所,設置場所,設置台数,電話番号,緯度,経度,利用可能曜日,利用不可日,時間,利用可能日時特記事項
122173,1,千葉県,柏市,西部消防署,千葉県柏市松葉町7−16−7,1階ロビー,1,04-7133-8794,,,毎日利用可能,,24時間,
122173,2,千葉県,柏市,富勢分署,千葉県柏市布施764,1階受付,1,04-7131-6751,,,毎日利用可能,,24時間,
122173,3,千葉県,柏市,たなか分署,千葉県柏市船戸1−19−2,1階受付,1,04-7131-1424,,,毎日利用可能,,24時間,
122173,4,千葉県,柏市,東部消防署,千葉県柏市中央2−10−3,1階受付,1,04-7164-0119,,,毎日利用可能,,24時間,
122173,5,千葉県,柏市,逆井分署,千葉県柏市逆井1444−10,2階受付,1,04-7172-5031,35.8093378,139.9737303,毎日利用可能,,24時間,
122173,6,千葉県,柏市,光ケ丘分署,千葉県柏市東中新宿4−4−25,1階受付,1,04-7172-7799,,,毎日利用可能,,24時間,
122173,7,千葉県,柏市,旭町消防署,千葉県柏市篠籠田944−1,1階受付,1,04-7144-6750,,,毎日利用可能,,24時間,
122173,8,千葉県,柏市,西原分署,千葉県柏市十余二155−18,1階受付,1,04-7155-5119,35.8873212,139.932724,毎日利用可能,,24時間,
122173,9,千葉県,柏市,沼南消防署,千葉県柏市大津ヶ丘1−56−12,1階受付,1,04-7191-4500,,,毎日利用可能,,24時間,
122173,10,千葉県,柏市,高柳分署,千葉県柏市高柳826−5,1階受付,1,04-7191-1144,,,毎日利用可能,,24時間,
122173,11,千葉県,柏市,手賀分署,千葉県柏市柳戸511−10,1階受付,1,04-7190-0119,35.8377938,140.0574669,毎日利用可能,,24時間,
122173,12,千葉県,柏市,柏市役所本庁,千葉県柏市柏5丁目10−1,1階受付，守衛室,2,04-7167-1114,,,月〜金,土日祝日年末年始（12/29〜1/3),8:30〜17:15,
122173,13,千葉県,柏市,柏市役所別館,千葉県柏市柏5丁目10−1,,2,,,,月〜金,土日祝日年末年始（12/29〜1/3),8:30〜17:15,
122173,14,千葉県,柏市,沼南支所,千葉県柏市大島田48−1,1階正面玄関,1,04-7191-7314,,,月〜金,土日祝日年末年始（12/29〜1/3),8:30〜17:15,
122173,15,千葉県,柏市,田中近隣センター,千葉県柏市大室249−1,1階事務所,1,04-7133-1000,,,月〜金,土日祝日年末年始（12/29〜1/3),9:00〜17:00,利用時間により変更有
122173,16,千葉県,柏市,西原近隣センター,千葉県柏市西原3−2−48,1階事務所,1,04-7154-2000,35.8968407,139.9199368,月〜金,土日祝日年末年始（12/29〜1/3),9:00〜17:00,利用時間により変更有
122173,17,千葉県,柏市,布施近隣センター,千葉県柏市布施1196−5,1階事務所,1,04-7132-3100,,,月〜金,土日祝日年末年始（12/29〜1/3),9:00〜17:00,利用時間により変更有
122173,18,千葉県,柏市,松葉近隣センター,千葉県柏市松葉町4−11,1階事務所,1,04-7133-2200,35.88959,139.9695963,月〜金,土日祝日年末年始（12/29〜1/3),9:00〜17:00,利用時間により変更有
122173,19,千葉県,柏市,高田近隣センター,千葉県柏市高田693−2,1階事務所,1,04-7144-9292,35.8745978,139.9603595,月〜金,土日祝日年末年始（12/29〜1/3),9:00〜17:00,利用時間により変更有
122173,20,千葉県,柏市,豊四季台近隣センター,千葉県柏市豊四季1−1−116,1階事務所,1,04-7144-1000,,,月〜金,土日祝日年末年始（12/29〜1/3),9:00〜17:00,利用時間により変更有
122173,21,千葉県,柏市,柏中央近隣センター,千葉県柏市柏6−2−22,1階事務所,1,04-7164-4552,,,月〜金,土日祝日年末年始（12/29〜1/3),9:00〜17:00,利用時間により変更有
122173,22,千葉県,柏市,新富近隣センター,千葉県柏市豊四季945−1,1階事務所,1,04-7145-1945,,,月〜金,土日祝日年末年始（12/29〜1/3),9:00〜17:00,利用時間により変更有
122173,23,千葉県,柏市,新田原近隣センター,千葉県柏市東柏2−2−15,1階事務所,1,04-7167-1276,,,月〜金,土日祝日年末年始（12/29〜1/3),9:00〜17:00,利用時間により変更有
122173,24,千葉県,柏市,永楽台近隣センター,千葉県柏市永楽台2−11−25,1階事務所,1,04-7163-1201,,,月〜金,土日祝日年末年始（12/29〜1/3),9:00〜17:00,利用時間により変更有
122173,25,千葉県,柏市,増尾近隣センター,千葉県柏市増尾3−1−1,1階事務所,1,04-7174-7211,,,月〜金,土日祝日年末年始（12/29〜1/3),9:00〜17:00,利用時間により変更有
122173,26,千葉県,柏市,光ケ丘近隣センター,千葉県柏市光ケ丘団地200−5,1階事務所,1,04-7175-0033,,,月〜金,土日祝日年末年始（12/29〜1/3),9:00〜17:00,利用時間により変更有
122173,27,千葉県,柏市,南部近隣センター,千葉県柏市新逆井2−5−13,1階事務所,1,04-7173-1000,35.8095734,139.9723294,月〜金,土日祝日年末年始（12/29〜1/3),9:00〜17:00,利用時間により変更有
122173,28,千葉県,柏市,藤心近隣センター,千葉県柏市藤心4−1−11,1階事務所,1,04-7176-3700,,,月〜金,土日祝日年末年始（12/29〜1/3),9:00〜17:00,利用時間により変更有
122173,29,千葉県,柏市,酒井根近隣センター,千葉県柏市酒井根653−4,1階事務所,1,04-7175-2400,35.8181047,139.9569765,月〜金,土日祝日年末年始（12/29〜1/3),9:00〜17:00,利用時間により変更有
122173,30,千葉県,柏市,高柳近隣センター,千葉県柏市高柳1652−10,1階事務所,1,04-7193-1110,,,月〜金,土日祝日年末年始（12/29〜1/3),9:00〜17:00,利用時間により変更有
122173,31,千葉県,柏市,旭町近隣センター,千葉県柏市旭町5−3−32,1階事務所,1,04-7144-8900,,,月〜金,土日祝日年末年始（12/29〜1/3),9:00〜17:00,利用時間により変更有
122173,32,千葉県,柏市,富里近隣センター,千葉県柏市富里2−4−4,1階事務所,1,04-7173-9531,,,月〜金,土日祝日年末年始（12/29〜1/3),9:00〜17:00,利用時間により変更有
122173,33,千葉県,柏市,手賀近隣センター,千葉県柏市柏市根戸511番地11,1階事務所,1,04-7191-8022,,,月〜金,土日祝日年末年始（12/29〜1/3),9:00〜17:00,利用時間により変更有
122173,34,千葉県,柏市,西原近隣センター体育館,千葉県柏市西原2−10−62,1階事務所,1,04-7152-4883,35.8980488,139.9203338,月〜金,土日祝日年末年始（12/29〜1/3),9:00〜17:00,利用時間により変更有
122173,35,千葉県,柏市,豊四季台近隣センター体育館,千葉県柏市かやの町2−65,1階事務所,1,04-7148-1666,,,月〜金,土日祝日年末年始（12/29〜1/3),9:00〜17:00,利用時間により変更有
122173,36,千葉県,柏市,南部近隣センター体育館,千葉県柏市南逆井1−20−1,,,,35.8067228,139.9722289,,土日祝日年末年始（12/29〜1/3),9:00〜17:00,
122173,37,千葉県,柏市,中央保健センター,千葉県柏市柏下66−1,1階事務所,1,04-7167-6121,,,月〜金,土日祝日年末年始（12/29〜1/3),9:00〜17:00,利用時間により変更有
122173,38,千葉県,柏市,沼南保健センター,千葉県柏市大島田21−2,1階事務所,1,04-7193-2111,,,月〜金,土日祝日年末年始（12/29〜1/3),9:00〜17:00,利用時間により変更有
122173,39,千葉県,柏市,中央公民館,千葉県柏市柏5−8−12,1階事務所,1,04-7164-1811,,,月〜金,土日祝日年末年始（12/29〜1/3),9:00〜17:00,利用時間により変更有
122173,40,千葉県,柏市,柏ビレジ近隣センター,千葉県柏市大室1285−1,1階事務所,1,04-7133-8821,,,月〜金,土日祝日年末年始（12/29〜1/3),9:00〜17:00,利用時間により変更有
122173,41,千葉県,柏市,北部近隣センター,千葉県柏市大青田1541−2,1階事務所,1,04-7134-1070,,,月〜金,土日祝日年末年始（12/29〜1/3),9:00〜17:00,利用時間により変更有
122173,42,千葉県,柏市,根戸近隣センター,千葉県柏市根戸467−178,1階事務所,1,04-7131-6098,35.8855565,139.986619,月〜金,土日祝日年末年始（12/29〜1/3),9:00〜17:00,利用時間により変更有
122173,43,千葉県,柏市,柏駅前行政サービスセンター,千葉県柏市柏1-1-11ファミリかしわ3階,3階事務所,1,04-7167-5500,,,月〜土,日・年末年始（12/28〜1/3),8:30〜19:00,土のみ8:30〜17:00
122173,44,千葉県,柏市,キッズルームひまわり,千葉県柏市柏下65−1,ウェルネス柏2階静養室,1,04-7128-2224,35.8669359,139.9865382,月〜金,土日祝日年末年始（12/28〜1/3),8:30〜17:15,
122173,45,千葉県,柏市,キッズルームこすもす,千葉県柏市柏下65−1,ウェルネス柏2階医務室,1,04-7128-2225,35.8669978,139.9865309,月〜金,土日祝日年末年始（12/28〜1/3),8:30〜17:15,
122173,46,千葉県,柏市,青和園,千葉県柏市十余二175−41,2階事務室,1,04-7131-9360,,,月〜金,土日祝日年末年始（12/28〜1/3),8:30〜17:15,
122173,47,千葉県,柏市,朋生園,千葉県柏市中原1816−6,1階事務室,1,04-7163-6612,,,月〜金,土日祝日年末年始（12/28〜1/3),8:30〜17:15,
122173,48,千葉県,柏市,沼南体育館,千葉県柏市藤ヶ谷1908−1,1階事務所,1,04-7193-1111,,,月〜金,土日祝日年末年始（12/28〜1/3),9:00〜17:00,利用時間により変更有
122173,49,千葉県,柏市,富勢運動場,千葉県柏市根戸507,事務所,1,04-7131-7011,,,毎日利用可能,年末年始（12/28〜1/3),7:00から21:00,日・月のみ7:30から17:00
122173,50,千葉県,柏市,逆井運動場,千葉県柏市逆井145,事務所,1,04-71-0750,35.820134,139.9910831,毎日利用可能,年末年始（12/28〜1/3),7:00から21:00,日・月のみ7:30から17:00
122173,51,千葉県,柏市,宮田島運動場,千葉県柏市逆井335−2,事務所,1,04-7176-2066,,,毎日利用可能,年末年始（12/28〜1/3),7:00から21:00,日・月のみ7:30から17:00
122173,52,千葉県,柏市,塚崎運動場,千葉県柏市塚崎1454,事務所,1,04-7192-0488,,,毎日利用可能,年末年始（12/28〜1/3),7:00から21:00,日・月のみ7:30から17:00
122173,53,千葉県,柏市,大津ヶ丘運動場,千葉県柏市大津ヶ丘2−1,事務所,1,04-7193-6116,,,毎日利用可能,年末年始（12/28〜1/3),7:00から21:00,日・月のみ7:30から17:00
122173,54,千葉県,柏市,中央体育館,千葉県柏市柏下73,1階事務室,1,04-7164-9573,,,月〜金,土日祝日年末年始（12/28〜1/3),9:00〜17:00,利用時間により変更有
122173,55,千葉県,柏市,柏の葉庭球場,千葉県柏市柏の葉6−7,事務所,1,04-7134-8380,,,月〜金,土日祝日年末年始（12/28〜1/3),9:00〜17:00,利用時間により変更有
122173,56,千葉県,柏市,柏リサイクルプラザ,千葉県柏市十余二348−202,1階受付,1,04-7199-5081,35.8840494,139.9512851,月〜金,土日祝日年末年始（12/28〜1/3),9:00〜17:00,利用時間により変更有
122173,57,千葉県,柏市,北柏ふるさと公園,千葉県柏市呼塚新田204−2,管理事務所,1,04-7160-3120,,,月〜金,土日祝日年末年始（12/28〜1/3),9:00〜17:00,
122173,58,千葉県,柏市,富勢出張所,千葉県柏市布施834−1,事務所,1,04-7131-6622,35.8878136,139.9924333,月〜金,土日祝日年末年始（12/28〜1/3),9:00〜17:01,
122173,59,千葉県,柏市,ひまわりプラザ（沼南近隣センター）,千葉県柏市大島田440−1,1階事務室,1,04-7192-1111,,,月〜金,土日祝日年末年始（12/28〜1/3),9:00〜17:00,利用時間により変更有
122173,60,千葉県,柏市,市立図書館,千葉県柏市柏5−8,1階カウンター内,1,04-7164-5346,35.8663776,139.9767323,火〜日,月・年末年始（12/28〜1/3),9:30〜19:00,火・土・日9:30〜17:00
122173,61,千葉県,柏市,柏市民文化会館,千葉県柏市柏下107,事務所,1,04-7164-9141,,,火〜日,月・年末年始（12/28〜1/3),9:00〜22:00,
122173,62,千葉県,柏市,手賀の丘公園どんぐりの家,千葉県柏市片山275,事務所,1,04-7193-0010,,,火〜日,月・年末年始（12/28〜1/3),9:00〜17:15,
122173,63,千葉県,柏市,松葉第二近隣公園庭球場,千葉県柏市松葉町4−13,事務所,1,04-7134-3666,35.8904581,139.9693232,毎日利用可能,月・年末年始（12/28〜1/3),9:00〜17:00,利用時間により変更有
122173,64,千葉県,柏市,しいの木台公園庭球場,千葉県柏市しいの木台2−11−1,事務所,1,04-7383-5855,35.8040437,139.9839326,毎日利用可能,月・年末年始（12/28〜1/3),9:00〜17:00,利用時間により変更有
122173,65,千葉県,柏市,老人福祉センター柏寿荘,千葉県柏市船戸山高野535,事務所,1,04-7131-9511,,,火〜日,月・祝・年末年始（12/28〜1/3),9:00〜17:00,
122173,66,千葉県,柏市,南部老人福祉センター,千葉県柏市藤心293−1,事務所,1,04-7176-6151,,,火〜日,月・祝・年末年始（12/28〜1/3),9:00〜17:00,
122173,67,千葉県,柏市,沼南社会福祉センター,千葉県柏市風早1−2−2,事務所,1,04-7193-2941,,,火〜日,月・祝・年末年始（12/28〜1/3),9:00〜17:00,
122173,68,千葉県,柏市,沼南老人福祉センターいこい荘,千葉県柏市塚崎1356,事務所,1,04-7192-1401,,,火〜日,月・祝・年末年始（12/28〜1/3),9:00〜17:00,
122173,69,千葉県,柏市,介護予防センターほのぼのプラザますお,千葉県柏市加賀3−16−8,事務所,1,04-7170-5570,,,火〜日,月・祝・年末年始（12/28〜1/3),9:00〜17:00,
122173,70,千葉県,柏市,柏市市営駐車場,千葉県柏市中央町1−1,事務所,1,04-7166-6377,,,毎日利用可能,,7:00〜23:00,柏まつり等特別時利用不可
122173,71,千葉県,柏市,道の駅しょうなん,千葉県柏市箕輪新田59−2,事務所,1,04-7190-1131,35.8577724,140.0233023,毎日利用可能,,9:00〜18:00,
122173,72,千葉県,柏市,かしわいちば・公設総合地方卸売市場,千葉県柏市若柴69−1,警備室，水産棟卸売場,2,04-7131-2620,,,月〜土,日,3:00〜11:00,
122173,73,千葉県,柏市,ひばりが丘市民プール,千葉県柏市ひばりが丘18−2,管理棟（プール開催時のみ）,1,04-7167-8024,,,※毎日利用可能,,8:30〜17:00,※プール使用期間のみ
122173,74,千葉県,柏市,柏西口第一公園市民プール,千葉県柏市明原3−1−10,管理棟（プール開催時のみ）,1,04-7144-5759,,,※毎日利用可能,,8:30〜17:00,※プール使用期間のみ
122173,75,千葉県,柏市,逆井市民プール,千葉県柏市逆井145,管理棟（プール開催時のみ）,1,04-7175-7201,,,※毎日利用可能,,8:30〜17:00,※プール使用期間のみ
122173,76,千葉県,柏市,船戸市民プール,千葉県柏市船戸山高野170−1,管理棟（プール開催時のみ）,1,04-7131-0050,,,※毎日利用可能,,8:30〜17:00,※プール使用期間のみ
122173,77,千葉県,柏市,南部クリーンセンター,千葉県柏市南増尾56−2,事務所,1,04-7170-7080,,,月〜金,土・日・祝日,8:15〜17:00,
122173,78,千葉県,柏市,北部クリーンセンター,千葉県柏市船戸538,事務所,1,04-7190-7900,,,月〜金,土・日・祝日,8:15〜17:00,
122173,79,千葉県,柏市,北柏デイサービスセンター,千葉県柏市根戸467−18,事務所,1,04-7168-1996,35.8846207,139.9881958,月〜土,日,8:15〜17:15,
122173,80,千葉県,柏市,介護予防センターいきいきプラザ,千葉県柏市柏5−11−8,事務所,1,04-7167-2318,,,月〜金,土・日・祝日,8:15〜17:00,
122173,81,千葉県,柏市,青少年センター,千葉県柏市十余二313−92,事務所,1,04-7191-7393,,,毎日利用可能,-,9:00〜17:00,
122173,82,千葉県,柏市,旧吉田家住宅歴史公園,千葉県柏市花野井974−1,管理事務所,1,,,,火〜日,月,9:30〜16:30,
122173,83,千葉県,柏市,柏市水道部,千葉県柏市千代田1−2−32,事務所,1,04-7166-2191,,,毎日利用可能,-,8:30〜17:15,
122173,84,千葉県,柏市,しこだ児童センター,千葉県柏市篠籠田609−5,プレイルーム,1,04-7145-2522,,,毎日利用可能,-,9:00〜17:00,
122173,85,千葉県,柏市,豊四季台児童センター,千葉県柏市豊四季台1−1−114,事務所,1,04-7144-5363,,,毎日利用可能,-,9:00〜17:00,
122173,86,千葉県,柏市,高柳児童センター,千葉県柏市高柳1652−1,事務所,1,04-7190-1348,,,毎日利用可能,-,9:00〜17:00,
122173,87,千葉県,柏市,ウェルネス柏柏市総合保険医療福祉施設,千葉県柏市柏下65−1,2階総合案内,1,04-7167-2318,35.8669581,139.9865738,毎日利用可能,-,8:30〜17:15,
122173,88,千葉県,柏市,柏市動物愛護ふれあいセンター,千葉県柏市風早2−4−3,事務所,1,04-7190-2828,,,月〜金,土・日・祝日,8:30〜17:15,
122173,89,千葉県,柏市,リフレッシュプラザ柏,千葉県柏市南増尾58−3,プール監視室内，3階浴場,2,04-7173-5900,35.8172451,139.9730106,毎日利用可能,-,9:00〜22:00,
122173,90,千葉県,柏市,柏地域医療連携センター,千葉県柏市豊四季台1−1−118,1階事務室,1,04-7197-1510,,,月〜金,土日祝日年末年始（12/28〜1/3),8:30〜17:15,
122173,91,千葉県,柏市,あけぼの山農業公園,千葉県柏市布施下199−1,休憩所,1,04-7167-1143,35.8975949,140.0084,毎日利用可能,年末年始（12/28〜1/3),9:00〜17:00,
122173,92,千葉県,柏市,西原保育園,千葉県柏市西原1−4−20,1階事務室,1,04-7154-7964,,,月〜金,土日祝日年末年始（12/28〜1/3),7:00〜19:00,
122173,93,千葉県,柏市,富士見保育園,千葉県柏市豊四季126−2,玄関ホール,1,04-7145-1721,,,月〜金,土日祝日年末年始（12/2〜1/3),7:00〜19:00,
122173,94,千葉県,柏市,田中保育園,千葉県柏市正連寺100,1階事務室,1,04-7133-3731,,,月〜金,土日祝日年末年始（12/28〜1/3),7:00〜19:00,
122173,95,千葉県,柏市,富勢保育園,千葉県柏市布施834−1,玄関ホール,1,04-7131-0012,,,月〜金,土日祝日年末年始（12/2〜1/3),7:00〜19:00,
122173,96,千葉県,柏市,高野台保育園,千葉県柏市根戸416−67,1階事務室,1,04-7133-6460,,,月〜金,土日祝日年末年始（12/28〜1/3),7:00〜19:00,
122173,97,千葉県,柏市,松葉保育園,千葉県柏市松葉町4−11,玄関ホール,1,04-7132-3200,,,月〜金,土日祝日年末年始（12/2〜1/3),7:00〜19:00,
122173,98,千葉県,柏市,あけぼの保育園,千葉県柏市あけぼの3−4−18,1階事務室,1,04-7143-7654,,,月〜金,土日祝日年末年始（12/28〜1/3),7:00〜19:00,
122173,99,千葉県,柏市,豊四季保育園,千葉県柏市豊四季台2−1−120,1階事務室,1,04-7145-3414,,,月〜金,土日祝日年末年始（12/2〜1/3),7:00〜19:00,
122173,100,千葉県,柏市,旭町保育園,千葉県柏市旭町5−3−25,1階事務室,1,04-7143-8240,,,月〜金,土日祝日年末年始（12/2〜1/3),7:00〜19:00,
122173,101,千葉県,柏市,しこだ保育園,千葉県柏市篠籠田1275−5,1階事務室,1,04-7143-8882,,,月〜金,土日祝日年末年始（12/28〜1/3),7:00〜19:00,
122173,102,千葉県,柏市,桜台保育園,千葉県柏市桜台9−6,1階事務室,1,04-7167-5924,,,月〜金,土日祝日年末年始（12/2〜1/3),7:00〜19:00,
122173,103,千葉県,柏市,若葉保育園,千葉県柏市若葉町4−36,正面玄関内,1,04-7167-7655,,,月〜金,土日祝日年末年始（12/28〜1/3),7:00〜19:00,
122173,104,千葉県,柏市,豊町保育園,千葉県柏市豊四季698−28,1階事務室,1,04-7174-8484,,,月〜金,土日祝日年末年始（12/2〜1/3),7:00〜19:00,
122173,105,千葉県,柏市,東町保育園,千葉県柏市東2−1−27,1階事務室,1,04-7164-5967,,,月〜金,土日祝日年末年始（12/28〜1/3),7:00〜19:00,
122173,106,千葉県,柏市,東中新宿保育園,千葉県柏市東中新宿4−5−24,玄関ホールカウンター,1,04-7173-9087,,,月〜金,土日祝日年末年始（12/2〜1/3),7:00〜19:00,
122173,107,千葉県,柏市,増尾保育園,千葉県柏市増尾6−6−1,1階事務室,1,04-7172-1347,,,月〜金,土日祝日年末年始（12/28〜1/3),7:00〜19:00,
122173,108,千葉県,柏市,豊住保育園,千葉県柏市豊住3−1−43,1階事務室,1,04-7174-7197,,,月〜金,土日祝日年末年始（12/2〜1/3),7:00〜19:00,
122173,109,千葉県,柏市,酒井根保育園,千葉県柏市酒井根4−10−33,1階事務室,1,04-7173-1647,,,月〜金,土日祝日年末年始（12/28〜1/3),7:00〜19:00,
122173,110,千葉県,柏市,土南部保育園,千葉県柏市逆井1305−2,1階事務室,1,04-7174-7811,,,月〜金,土日祝日年末年始（12/2〜1/3),7:00〜19:00,
122173,111,千葉県,柏市,名戸ヶ谷保育園,千葉県柏市名戸ヶ谷683−1,1階事務室,1,04-7164-8783,,,月〜金,土日祝日年末年始（12/28〜1/3),7:00〜19:00,
122173,112,千葉県,柏市,高柳保育園,千葉県柏市高柳1503−9,1階事務室,1,04-7191-1344,,,月〜金,土日祝日年末年始（12/2〜1/3),7:00〜19:00,
122173,113,千葉県,柏市,高柳西保育園,千葉県柏市しいの木台5−31−2,1階事務室,1,04-7108-1000,,,月〜金,土日祝日年末年始（12/28〜1/3),7:00〜19:00,
122173,114,千葉県,柏市,柏第一小学校,千葉県柏市あけぼの1−7−6,1階職員玄関,1,04-7143-0138,,,月〜金,土日祝日,8:15〜16:45,
122173,115,千葉県,柏市,柏第二小学校,千葉県柏市豊四季310,職員玄関,1,04-7144-3141,,,月〜金,土日祝日,8:15〜16:45,
122173,116,千葉県,柏市,柏第三小学校,千葉県柏市若葉町4−54,1階保健室,1,04-7167-3161,,,月〜金,土日祝日,8:15〜16:45,
122173,117,千葉県,柏市,柏第四小学校,千葉県柏市松ヶ崎1182−9,1階職員玄関,1,04-7143-2840,,,月〜金,土日祝日,8:15〜16:45,
122173,118,千葉県,柏市,柏第五小学校,千葉県柏市柏932−7,職員玄関,1,04-7164-1585,,,月〜金,土日祝日,8:15〜16:45,
122173,119,千葉県,柏市,柏光ヶ丘小学校,千葉県柏市流山市向小金4−20−1,職員玄関,1,04-7173-7130,,,月〜金,土日祝日,8:15〜16:45,
122173,120,千葉県,柏市,富勢小学校,千葉県柏市布施925−1,1階職員玄関,1,04-7133-2073,,,月〜金,土日祝日,8:15〜16:45,
122173,121,千葉県,柏市,田中小学校,千葉県柏市大室1193−3,職員玄関,1,04-7131-5719,,,月〜金,土日祝日,8:15〜16:45,
122173,122,千葉県,柏市,土南部小学校,千葉県柏市新逆井1−10−1,1階玄関,1,04-7172-4709,,,月〜金,土日祝日,8:15〜16:45,
122173,123,千葉県,柏市,柏第七小学校,千葉県柏市篠籠田723−1,玄関,1,04-7145-9338,,,月〜金,土日祝日,8:15〜16:45,
122173,124,千葉県,柏市,柏第八小学校,千葉県柏市永楽台2−8−1,1階職員玄関,1,04-7164-1207,,,月〜金,土日祝日,8:15〜16:45,
122173,125,千葉県,柏市,酒井根小学校,千葉県柏市酒井根19−2,1階事務室,1,04-7172-1108,,,月〜金,土日祝日,8:15〜16:45,
122173,126,千葉県,柏市,西原小学校,千葉県柏市西原4−17−1,職員玄関,1,04-7152-3557,,,月〜金,土日祝日,8:15〜16:45,
122173,127,千葉県,柏市,中原小学校,千葉県柏市中原1821−1,職員玄関,1,04-7164-4335,,,月〜金,土日祝日,8:15〜16:45,
122173,128,千葉県,柏市,増尾西小学校,千葉県柏市増尾台3−5−9,1階職員玄関,1,04-7174-8530,,,月〜金,土日祝日,8:15〜16:45,
122173,129,千葉県,柏市,豊小学校,千葉県柏市豊四季610−2,1階職員玄関,1,04-7174-0755,,,月〜金,土日祝日,8:15〜16:45,
122173,130,千葉県,柏市,松葉第一小学校,千葉県柏市松葉町5−3,玄関,1,04-7133-5602,,,月〜金,土日祝日,8:15〜16:45,
122173,131,千葉県,柏市,松葉第二小学校,千葉県柏市松葉町2−16,職員玄関,1,04-7133-7500,,,月〜金,土日祝日,8:15〜16:45,
122173,132,千葉県,柏市,十余二小学校,千葉県柏市柏の葉4−4−1,1階職員玄関,1,04-7133-2555,,,月〜金,土日祝日,8:15〜16:45,
122173,133,千葉県,柏市,高柳小学校,千葉県柏市高南台3−14−12,1階玄関,1,04-7191-3499,,,月〜金,土日祝日,8:15〜16:45,
122173,134,千葉県,柏市,高柳西小学校,千葉県柏市しいの木台3−2,1階玄関,1,04-7384-5717,,,月〜金,土日祝日,8:15〜16:45,
122173,135,千葉県,柏市,大津ヶ丘第二小学校,千葉県柏市大津ヶ丘4−8,1階職員玄関,1,04-7192-1120,35.8363928,140.0028673,月〜金,土日祝日,8:15〜16:45,
122173,136,千葉県,柏市,旭小学校,千葉県柏市旭町6−5−17,1階玄関,1,04-7144-6400,,,月〜金,土日祝日,8:15〜16:45,
122173,137,千葉県,柏市,旭東小学校,千葉県柏市旭町5−3−9,1階玄関,1,04-7145-4445,,,月〜金,土日祝日,8:15〜16:45,
122173,138,千葉県,柏市,柏第六小学校,千葉県柏市豊四季台4−2−1,1階玄関,1,04-7145-7240,,,月〜金,土日祝日,8:15〜16:45,
122173,139,千葉県,柏市,高田小学校,千葉県柏市高田376−3,1階来客玄関,1,04-7143-2644,,,月〜金,土日祝日,8:15〜16:45,
122173,140,千葉県,柏市,酒井根西小学校,千葉県柏市酒井根662−1,1階職員玄関,1,04-7174-4192,,,月〜金,土日祝日,8:15〜16:45,
122173,141,千葉県,柏市,酒井根東小学校,千葉県柏市酒井根1−2−1,1階職員玄関,1,04-7175-0336,,,月〜金,土日祝日,8:15〜16:45,
122173,142,千葉県,柏市,逆井小学校,千葉県柏市逆井452−2,1階職員玄関,1,04-7174-8540,,,月〜金,土日祝日,8:15〜16:45,
122173,143,千葉県,柏市,土小学校,千葉県柏市増尾4−4−1,1階職員玄関,1,04-7172-4805,,,月〜金,土日祝日,8:15〜16:45,
122173,144,千葉県,柏市,名戸ヶ谷小学校,千葉県柏市名戸ヶ谷474−1,1階玄関,1,04-7163-0540,,,月〜金,土日祝日,8:15〜16:45,
122173,145,千葉県,柏市,藤心小学校,千葉県柏市藤心880−1,1階職員玄関,1,04-7173-7941,,,月〜金,土日祝日,8:15〜16:45,
122173,146,千葉県,柏市,田中北小学校,千葉県柏市大青田1536−1,1階玄関,1,04-7131-4849,,,月〜金,土日祝日,8:15〜16:45,
122173,147,千葉県,柏市,富勢西小学校,千葉県柏市布施84−2,1階玄関,1,04-7132-2244,,,月〜金,土日祝日,8:15〜16:45,
122173,148,千葉県,柏市,富勢東小学校,千葉県柏市布施2176−2,1階職員玄関,1,04-7133-3741,,,月〜金,土日祝日,8:15〜16:45,
122173,149,千葉県,柏市,花野井小学校,千葉県柏市花野井1652−34,1階職員玄関,1,04-7133-8500,,,月〜金,土日祝日,8:15〜16:45,
122173,150,千葉県,柏市,大津ヶ丘第一小学校,千葉県柏市大津ヶ丘3−50,2階職員室前廊下,1,04-7192-1110,,,月〜金,土日祝日,8:15〜16:45,
122173,151,千葉県,柏市,風早北部小学校,千葉県柏市藤ヶ谷新田111−2,1階正面玄関,1,04-7191-3796,,,月〜金,土日祝日,8:15〜16:45,
122173,152,千葉県,柏市,風早南部小学校,千葉県柏市高柳780,1階職員室,1,04-7191-0440,35.8180406,140.0179561,月〜金,土日祝日,8:15〜16:45,
122173,153,千葉県,柏市,手賀西小学校,千葉県柏市泉541,1階昇降口,1,04-7191-1606,,,月〜金,土日祝日,8:15〜16:45,
122173,154,千葉県,柏市,手賀東小学校,千葉県柏市手賀479−7,体育館校庭側入口,1,04-7191-9014,,,月〜金,土日祝日,8:15〜16:45,
122173,155,千葉県,柏市,柏の葉小学校,千葉県柏市十余二348−93中央404街区1,玄関,1,047134-3987,,,月〜金,土日祝日,8:15〜16:45,
122173,156,千葉県,柏市,柏六小こどもルーム,千葉県柏市豊四季4−2−1,保育室,1,04-7146-2471,35.8632059,139.9538836,月〜土,日・祝,13:30〜19:00,土のみ8:00〜18:30
122173,157,千葉県,柏市,酒井根東小こどもルーム,千葉県柏市酒井根1−2−1,保育室,1,04-7175-0288,,,月〜土,日・祝,13:30〜19:00,土のみ8:00〜18:30
122173,158,千葉県,柏市,柏五小こどもルーム,千葉県柏市柏932−7,保育室,1,04-7164-8353,,,月〜土,日・祝,13:30〜19:00,土のみ8:00〜18:30
122173,159,千葉県,柏市,富勢西小こどもルーム,千葉県柏市布施84−2,保育室,1,04-7135-2333,35.890881,139.9877716,月〜土,日・祝,13:30〜19:00,土のみ8:00〜18:30
122173,160,千葉県,柏市,柏三小こどもルーム,千葉県柏市若葉町4−54,保育室,1,04-7163-1080,35.8530377,139.9723541,月〜土,日・祝,13:30〜19:00,土のみ8:00〜18:30
122173,161,千葉県,柏市,中原小こどもルーム,千葉県柏市中原1821−1,保育室,1,04-7168-2222,35.8352752,139.9707155,月〜土,日・祝,13:30〜19:00,土のみ8:00〜18:30
122173,162,千葉県,柏市,旭小こどもルーム,千葉県柏市旭町6−5−17,保育室,1,04-7144-2332,35.8575905,139.9555355,月〜土,日・祝,13:30〜19:00,土のみ8:00〜18:30
122173,163,千葉県,柏市,柏七小こどもルーム,千葉県柏市篠籠田723−1,保育室,1,04-7147-2220,35.8716145,139.9567976,月〜土,日・祝,13:30〜19:00,土のみ8:00〜18:30
122173,164,千葉県,柏市,増尾西小こどもルーム,千葉県柏市増尾台3−5−9,保育室,1,04-7176-2015,35.8251879,139.9745571,月〜土,日・祝,13:30〜19:00,土のみ8:00〜18:30
122173,165,千葉県,柏市,酒井根小こどもルーム,千葉県柏市酒井根19−2,保育室,1,04-7172-6610,35.8197325,139.9621395,月〜土,日・祝,13:30〜19:00,土のみ8:00〜18:30
122173,166,千葉県,柏市,土南部小こどもルーム,千葉県柏市新逆井1−10−1,保育室,1,04-7172-7170,35.8122095,139.9741133,月〜土,日・祝,13:30〜19:00,土のみ8:00〜18:30
122173,167,千葉県,柏市,柏一小こどもルーム,千葉県柏市あけぼの1−7−6,保育室,1,04-7148-1065,35.8658138,139.9730311,月〜土,日・祝,13:30〜19:00,土のみ8:00〜18:30
122173,168,千葉県,柏市,藤心小こどもルーム,千葉県柏市藤心880−1,保育室,1,04-7176-8710,35.8202358,139.9919093,月〜土,日・祝,13:30〜19:00,土のみ8:00〜18:30
122173,169,千葉県,柏市,柏二小こどもルーム,千葉県柏市豊四季310,保育室,1,04-7144-4641,35.8595313,139.9490882,月〜土,日・祝,13:30〜19:00,土のみ8:00〜18:30
122173,170,千葉県,柏市,松葉二小こどもルーム,千葉県柏市松葉町2−16,保育室,1,04-7132-6741,35.8882288,139.9758729,月〜土,日・祝,13:30〜19:00,土のみ8:00〜18:30
122173,171,千葉県,柏市,光ケ丘小こどもルーム,千葉県柏市流山市向小金4−20−1,保育室,1,04-7175-8481,35.8353649,139.9562455,月〜土,日・祝,13:30〜19:00,土のみ8:00〜18:30
122173,172,千葉県,柏市,柏四小こどもルーム,千葉県柏市松ヶ崎1182−9,保育室,1,04-7143-4341,35.8741883,139.9685164,月〜土,日・祝,13:30〜19:00,土のみ8:00〜18:30
122173,173,千葉県,柏市,田中小こどもルーム,千葉県柏市大室1193−3,保育室,1,04-7134-9141,35.9020946,139.9636189,月〜土,日・祝,13:30〜19:00,土のみ8:00〜18:30
122173,174,千葉県,柏市,西原小こどもルーム,千葉県柏市西原4−17−1,保育室,1,04-7152-3566,35.8927141,139.9238051,月〜土,日・祝,13:30〜19:00,土のみ8:00〜18:30
122173,175,千葉県,柏市,十余二小こどもルーム,千葉県柏市柏の葉4−4−1,保育室,1,04-7133-2533,35.8973347,139.9332521,月〜土,日・祝,13:30〜19:00,土のみ8:00〜18:30
122173,176,千葉県,柏市,土小こどもルーム,千葉県柏市増尾4−4−1,保育室,1,04-7176-7317,35.8346364,139.9825785,月〜土,日・祝,13:30〜19:00,土のみ8:00〜18:30
122173,177,千葉県,柏市,酒井根西小こどもルーム,千葉県柏市酒井根662−1,保育室,1,04-7176-7253,35.8176007,139.9543821,月〜土,日・祝,13:30〜19:00,土のみ8:00〜18:30
122173,178,千葉県,柏市,富勢小こどもルーム,千葉県柏市布施925−1,保育室,1,04-7133-5155,,,月〜土,日・祝,13:30〜19:00,土のみ8:00〜18:30
122173,179,千葉県,柏市,高田小こどもルーム,千葉県柏市高田376−3,保育室,1,04-7144-2666,35.8748364,139.9522209,月〜土,日・祝,13:30〜19:00,土のみ8:00〜18:30
122173,180,千葉県,柏市,柏八小こどもルーム,千葉県柏市永楽台2−8−1,保育室,1,04-7162-5020,35.8441308,139.9719379,月〜土,日・祝,13:30〜19:00,土のみ8:00〜18:30
122173,181,千葉県,柏市,名戸ヶ谷小こどもルーム,千葉県柏市名戸ヶ谷474−1,保育室,1,04-7162-3690,35.8469175,139.9848298,月〜土,日・祝,13:30〜19:00,土のみ8:00〜18:30
122173,182,千葉県,柏市,大津ヶ丘一小こどもルーム,千葉県柏市大津ヶ丘3−50,保育室,1,04-7192-1960,35.8395918,139.9964845,月〜土,日・祝,13:30〜19:00,土のみ8:00〜18:30
122173,183,千葉県,柏市,大津ヶ丘二小こどもルーム,千葉県柏市大津ヶ丘4−8,保育室,1,04-7191-8810,35.8365189,140.0027761,月〜土,日・祝,13:30〜19:00,土のみ8:00〜18:30
122173,184,千葉県,柏市,高柳小こどもルーム,千葉県柏市高南台3−14−12,保育室,1,04-7192-2564,35.8072021,139.9945323,月〜土,日・祝,13:30〜19:00,土のみ8:00〜18:30
122173,185,千葉県,柏市,高柳西小こどもルーム,千葉県柏市しいの木台3−2,保育室,1,04-7383-5077,35.8030106,139.9822303,月〜土,日・祝,13:30〜19:00,土のみ8:00〜18:30
122173,186,千葉県,柏市,風早北部小こどもルーム(第一）,千葉県柏市大井1852−10,保育室,1,04-7192-1150,35.8435226,140.0079932,月〜土,日・祝,13:30〜19:00,土のみ8:00〜18:30
122173,187,千葉県,柏市,風早北部小こどもルーム（第二）,千葉県柏市大島田25,保育室,1,04-7192-1802,35.8418467,140.0072429,月〜土,日・祝,13:30〜19:00,土のみ8:00〜18:30
122173,188,千葉県,柏市,風早南部小こどもルーム,千葉県柏市藤ヶ谷新田111−2,保育室,1,04-7191-4747,35.81755,140.0186832,月〜土,日・祝,13:30〜19:00,土のみ8:00〜18:30
122173,189,千葉県,柏市,豊小こどもルーム,千葉県柏市豊四季610−2,保育室,1,04-7175-8501,35.8441765,139.9626645,月〜土,日・祝,13:30〜19:00,土のみ8:00〜18:30
122173,190,千葉県,柏市,松葉第一小こどもルーム,千葉県柏市松葉町5−3,保育室,1,04-7133-6333,35.8881296,139.9664084,月〜土,日・祝,13:30〜19:00,土のみ8:00〜18:30
122173,191,千葉県,柏市,逆井小こどもルーム,千葉県柏市逆井452−2,保育室,1,04-7174-1900,35.8113656,139.9815343,月〜土,日・祝,13:30〜19:00,土のみ8:00〜18:30
122173,192,千葉県,柏市,花野井小こどもルーム,千葉県柏市花野井1652−34,保育室,1,04-7133-7488,35.8999758,139.9716704,月〜土,日・祝,13:30〜19:00,土のみ8:00〜18:30
122173,193,千葉県,柏市,旭東小こどもルーム,千葉県柏市旭町5−3−9,保育室,1,04-7148-6669,35.8565214,139.9624218,月〜土,日・祝,13:30〜19:00,土のみ8:00〜18:30
122173,194,千葉県,柏市,柏の葉小こどもルーム,千葉県柏市十余二348−93中央404街区3,保育室,1,04-7135-2595,35.8851043,139.9526297,月〜土,日・祝,13:30〜19:00,土のみ8:00〜18:30
122173,195,千葉県,柏市,手賀西小こどもルーム,千葉県柏市泉541,保育室,1,04-7192-0025,35.841298,140.0448991,月〜土,日・祝,13:30〜19:00,土のみ8:00〜18:30
122173,196,千葉県,柏市,富勢東小こどもルーム,千葉県柏市布施2176−2,保育室,1,04-7133-3911,35.8929464,140.0075303,月〜土,日・祝,13:30〜19:00,土のみ8:00〜18:30
122173,197,千葉県,柏市,田中北小こどもルーム,千葉県柏市大青田1536−1,保育室,1,04-7134-0080,35.9142507,139.9409852,月〜土,日・祝,13:30〜19:00,土のみ8:00〜18:30
122173,198,千葉県,柏市,西原中学校,千葉県柏市西原6−13−1,1階職員玄関,1,04-7154-3232,,,月〜金,土・日・祝・年末年始,8:05〜16:35,
122173,199,千葉県,柏市,富勢中学校,千葉県柏市根戸467−1,1階職員玄関,1,04-7131-2309,,,月〜金,土・日・祝・年末年始,8:05〜16:35,
122173,200,千葉県,柏市,松葉中学校,千葉県柏市松葉町3−14,1階職員玄関,1,04-7133-5601,,,月〜金,土・日・祝・年末年始,8:05〜16:35,
122173,201,千葉県,柏市,柏中学校,千葉県柏市明原4−1−1,1階職員玄関,1,04-7146-1167,,,月〜金,土・日・祝・年末年始,8:05〜16:35,
122173,202,千葉県,柏市,柏第二中学校,千葉県柏市弥生町6−6,1階玄関,1,04-7164-5770,,,月〜金,土・日・祝・年末年始,8:05〜16:35,
122173,203,千葉県,柏市,柏第三中学校,千葉県柏市篠籠田987−1,1階職員玄関,1,04-7144-5686,,,月〜金,土・日・祝・年末年始,8:05〜16:35,
122173,204,千葉県,柏市,酒井根中学校,千葉県柏市酒井根1−3−1,1階玄関,1,04-7174-8520,,,月〜金,土・日・祝・年末年始,8:05〜16:35,
122173,205,千葉県,柏市,光ケ丘中学校,千葉県柏市光ヶ丘4−23−1,1階職員玄関,1,04-7172-3648,,,月〜金,土・日・祝・年末年始,8:05〜16:35,
122173,206,千葉県,柏市,逆井中学校,千葉県柏市逆井555,1階職員玄関,1,04-7175-0335,,,月〜金,土・日・祝・年末年始,8:05〜16:35,
122173,207,千葉県,柏市,大津ヶ丘中学校,千葉県柏市大津ヶ丘1−25,1階玄関,1,04-7192-1130,,,月〜金,土・日・祝・年末年始,8:05〜16:35,
122173,208,千葉県,柏市,柏第四中学校,千葉県柏市名戸ヶ谷1−6−8,1階職員玄関,1,04-7163-6401,,,月〜金,土・日・祝・年末年始,8:05〜16:35,
122173,209,千葉県,柏市,柏第五中学校,千葉県柏市高田919−1,1階玄関,1,04-7143-2645,,,月〜金,土・日・祝・年末年始,8:05〜16:35,
122173,210,千葉県,柏市,土中学校,千葉県柏市増尾1−23−1,1階玄関,1,04-7172-4809,,,月〜金,土・日・祝・年末年始,8:05〜16:35,
122173,211,千葉県,柏市,南部中学校,千葉県柏市南増尾6−16−1,1階玄関,1,04-7173-7943,,,月〜金,土・日・祝・年末年始,8:05〜16:35,
122173,212,千葉県,柏市,田中中学校,千葉県柏市大室249−9,1階玄関,1,04-7131-5725,,,月〜金,土・日・祝・年末年始,8:05〜16:35,
122173,213,千葉県,柏市,中原中学校,千葉県柏市中原1816−2,1階玄関,1,04-7166-5601,,,月〜金,土・日・祝・年末年始,8:05〜16:35,
122173,214,千葉県,柏市,豊四季中学校,千葉県柏市豊四季287−7,1階職員玄関,1,04-7146-4766,,,月〜金,土・日・祝・年末年始,8:05〜16:35,
122173,215,千葉県,柏市,風早中学校,千葉県柏市塚崎1319,1階職員玄関,1,04-7191-2290,,,月〜金,土・日・祝・年末年始,8:05〜16:35,
122173,216,千葉県,柏市,手賀中学校,千葉県柏市柳戸690,1階玄関,1,04-7191-1604,35.8367214,140.0506161,月〜金,土・日・祝・年末年始,8:05〜16:35,
122173,217,千葉県,柏市,高柳中学校,千葉県柏市高南台1−1−1,1階職員玄関,1,04-7191-4580,35.8061963,139.9961282,月〜金,土・日・祝・年末年始,8:05〜16:35,
122173,218,千葉県,柏市,柏市立柏高等学校,千葉県柏市船戸山高野325−1,1階事務室前他,3,04-7132-3460,,,月〜金,土・日・祝・年末年始,8:05〜16:35,
122173,219,千葉県,柏市,柏市立柏病院,千葉県柏市布施1−3,事務所，ＣＴ撮影室,2,04-7134-2000,,,毎日利用可能,-,-,
122173,220,千葉県,柏市,芝浦工業大学柏中学・高等学校,千葉県柏市増尾700,1階事務室,1,04-7174-3100,,,月〜金,土・日・祝日,8:30〜17:15,
122173,221,千葉県,柏市,二松学舎中学・高等学校,千葉県柏市大井2590,,,,,,月〜金,,,
122173,222,千葉県,柏市,二松学舎大学,千葉県柏市大井2590,1階玄関・体育館,2,04-7191-8751,,,月〜金,土・日・祝日,8:30〜17:15,
122173,223,千葉県,柏市,開智国際大学,千葉県柏市柏1225−6,1号館1階事務局・2号館1階保健室,2,04-7167-8655,,,月〜金,土・日・祝日,8:30〜17:15,
122173,224,千葉県,柏市,東日本旅客鉄道株式会社柏駅,千葉県柏市末広町1−1,中央改札口・南改札口付近,2,04-7145-2211,,,毎日利用可能,,終電まで,
122173,225,千葉県,柏市,東武鉄道株式会社柏駅,千葉県柏市末広町1−1,中央改札口付近,,,,,毎日利用可能,,,
122173,226,千葉県,柏市,東日本旅客鉄道株式会社北柏駅,千葉県柏市根戸字中馬場,改札事務室入口,1,,,,毎日利用可能,,終電まで,
122173,227,千葉県,柏市,東日本旅客鉄道株式会社南柏駅,千葉県柏市南柏1丁目,コンコール多機能トイレ前,1,,,,毎日利用可能,,終電まで,
122173,228,千葉県,柏市,つくばエクスプレス柏の葉キャンパス駅,千葉県柏市若柴174,駅改札内,1,04-7136-0111,,,毎日利用可能,,終電まで,
122173,229,千葉県,柏市,つくばエクスプレス柏の葉柏たなか駅,千葉県柏市小青田274−1,駅改札内,1,04-7136-0211,,,毎日利用可能,,終電まで,
122173,230,千葉県,柏市,株式会社高島屋,千葉県柏市末広町3−16,3階防災センター,2,04-7144-1111,,,毎日利用可能,,営業時間中,
122173,231,千葉県,柏市,柏ステーションモール,千葉県柏市末広町1−1,第一1・2駐車場防災センター,3,04-7148-2222,35.8639731,139.9704087,毎日利用可能,,営業時間中,
122173,232,千葉県,柏市,モラージュ柏,千葉県柏市大山台2−3,防災センター,1,04-7137-6200,,,毎日利用可能,,営業時間中,
122173,233,千葉県,柏市,ザ・クレストホテル,千葉県柏市末広町14−1,1階フロント,1,04-7146-1111,,,毎日利用可能,,24時間,
122173,234,千葉県,柏市,柏洋スイマーズ江戸川スクール,千葉県柏市西原3−10−14,1階事務室,1,04-7154-4141,,,,,営業時間中,
122173,235,千葉県,柏市,オークベストコンディションクラブ柏,千葉県柏市大山台2−3−1,2階トレーニング室,1,04-7134-1112,,,,,営業時間中,
122173,236,千葉県,柏市,キッツウェルネス南柏,千葉県柏市南柏中央3−2,事務所,1,04-7167-7997,,,,,営業時間中,
122173,237,千葉県,柏市,藤ヶ谷カントリークラブ,千葉県柏市泉2348,マスター室,1,04-7191-4161,,,,,営業時間中,
122173,238,千葉県,柏市,県立柏の葉公園,,1階事務室,1,,35.8948828,139.9414157,,,9:00〜16:45,
122173,239,千葉県,柏市,株式会社京葉銀行柏支店,千葉県柏市中央町1番1号,ロビー,1,04-7167-6135,35.8596043,139.9724839,,,営業時間中,
122173,240,千葉県,柏市,株式会社京葉銀行南柏支店,千葉県柏市南柏一丁目13番17号,ロビー,1,04-7145-9111,,,,,営業時間中,
122173,241,千葉県,柏市,株式会社京葉銀行北柏支店,千葉県柏市松葉町4丁目5番地,ロビー,1,04-7133-5611,35.8902117,139.971151,,,営業時間中,
122173,242,千葉県,柏市,株式会社京葉銀行つくしが丘支店,千葉県柏市つくしが丘1丁目1番5号,ロビー,1,04-7175-0311,,,,,営業時間中,
122173,243,千葉県,柏市,株式会社京葉銀行柏の葉キャンパス支店,千葉県柏市若柴233番地2柏の葉キャンパス148街区5,ロビー,1,04-7135-1211,,,,,営業時間中,
122173,244,千葉県,柏市,株式会社京葉銀行豊四季支店,千葉県柏市豊四季185番地の1,ロビー,1,04-7147-7666,,,,,営業時間中,
122173,245,千葉県,柏市,株式会社京葉銀行柏駅前出張所,千葉県柏市柏1丁目1番11号（ファミリかしわビル2階）,ロビー,1,04-7163-7781,,,,,営業時間中,
122173,246,千葉県,柏市,株式会社京葉銀行柏ローンプラザ店,千葉県柏市柏4丁目8番1号,ロビー,1,04-7163-7272,,,,,営業時間中,
122173,247,千葉県,柏市,株式会社京葉銀行沼南支店,千葉県柏市大津ヶ丘3丁目2番地,ロビー,1,04-7192-1121,35.8381676,139.9992422,,,営業時間中,
122173,248,千葉県,柏市,ちば東葛農業協同組合　本店,千葉県柏市高田362番地,ロビー,1,04-7140-2215,,,,,8:40〜16:30（8:40〜15:00),
122173,249,千葉県,柏市,ちば東葛農業協同組合　柏支店,千葉県柏市高田362番地,ロビー,1,04-7140-1285,35.8737795,139.9506373,,,8:40〜16:30（8:40〜15:00),
122173,250,千葉県,柏市,東葛ふたば農業協同組合　土支店,千葉県柏市増尾台1丁目15番2号,ロビー,1,04-7172-0111,,,,,8:30〜17:00（8:45〜15:00),
122173,251,千葉県,柏市,東葛ふたば農業協同組合　富勢支店,千葉県柏市根戸471番地,ロビー,1,04-7131-2559,,,,,8：45〜17:00,
122173,252,千葉県,柏市,東葛ふたば農業協同組合　東部支店,千葉県柏市箕輪14−1,ロビー,1,04-7191-2141,,,,,8:30〜17:00,
122173,253,千葉県,柏市,東葛ふたば農業協同組合　風早支店,千葉県柏市塚崎977−11,ロビー,1,04-7191-2804,,,,,9:00〜17:00,
122173,254,千葉県,柏市,市川市農業協同組合田中支店,千葉県柏市大室1095,ロビー,1,04-7139-0629,,,,,9:00〜17:00,
122173,255,千葉県,柏市,市川市農業協同組合十余二支店,千葉県柏市西原5−2−1,ロビー,1,04-7155-2211,,,,,9:00〜17:00,
122173,256,千葉県,柏市,市川市農業協同組合松葉町支店,千葉県柏市松葉町6−6−6,ロビー,1,04-7131-5505,,,,,9:00〜18:00,
122173,257,千葉県,柏市,ファイズムハート薬局,千葉県柏市北柏3−1−2寺田ビル1Ｆ,,1,,,,,,日〜金9:00〜20:30,土9:00〜19:30
122173,258,千葉県,柏市,リハビリデイサービスnagomi柏店,千葉県柏市北柏2−4−10,,1,04-7165-0510,,,,,8:30〜17:30（8:30〜17:00）,
122173,259,千葉県,柏市,金子接骨院,千葉県柏市逆井藤ノ台23−6,1階受付,1,04-7176-0547,35.8219265,139.9883674,,,営業時間中,
122173,260,千葉県,柏市,西川接骨院,千葉県柏市中央2−13−5,1階受付,1,04-7163-3855,35.8546532,139.9721473,,,営業時間中,
122173,261,千葉県,柏市,山本接骨院,千葉県柏市大室1192−3−103,1階受付,1,04-7131-8266,35.9004422,139.9622803,,,営業時間中,
122173,262,千葉県,柏市,みのりの湯柏健康センター,千葉県柏市十余二249,1階フロント,1,04-7145-8910,,,,,営業時間中,
122173,263,千葉県,柏市,(株)アトックス技術開発センター,千葉県柏市高田1201,1階事務室,1,,35.8812318,139.9435915,,,営業時間中,
122173,264,千葉県,柏市,柏事務所シーハーツ柏,千葉県柏市根戸445−2,メディカル室,1,04-7135-1165,35.8838137,139.9839069,,,営業時間中,
122173,265,千葉県,柏市,ウイングホール柏斎場,千葉県柏市布施281番地の1,1階受付,1,04-7131-6649,,,,,営業時間中,
122173,266,千葉県,柏市,(株)サンエレック,千葉県柏市青田新田飛地260−2,2階玄関入口,1,,,,,土・日・祝日,8:00〜18:20,
122173,267,千葉県,柏市,スマイルキッズ,千葉県柏市北柏1−6−6昭信ビル2Ｆ,,1,04-7162-1960,,,,,8:00〜18:00,
122173,268,千葉県,柏市,ジェーソン柏沼南店,千葉県柏市大津ヶ丘2−8−5,1階レジ前,1,04-7193-0911,,,,,10:00〜22:00,
122173,269,千葉県,柏市,株式会社ジェイコムイースト東関東局,千葉県柏市名戸ヶ谷900−1,1階受付,1,04-7139-5010,,,,火・水・夏季・年末年始,10:00〜17:00,
122173,270,千葉県,柏市,(株)茶の八　セレモニー天来北柏ホール,千葉県柏市五條谷32−12,1階ロビー,1,,,,,,9:00〜18:00,
122173,271,千葉県,柏市,ららぽーと柏の葉,千葉県柏市若柴175,総合案内所他3,4,04-7168-1784,,,毎日利用可能,,10:00〜22:00（10:00〜21:00）,
122173,272,千葉県,柏市,黒滝歯科,千葉県柏市向原町1−11,待合室,1,04-7144-0911,,,,,9:00〜13:00（14:30〜18:00）,
122173,273,千葉県,柏市,柏プラザホテル本館,千葉県柏市旭町1−5−3,フロント,1,04-7147-1111,,,毎日利用可能,,24時間,
122173,274,千葉県,柏市,株式会社クオリティーＡＥＤ販売事業部,千葉県柏市若柴276−1中央156街区1,出入口,1,04-7197-5820,,,,,8:50〜18:00,
122173,275,千葉県,柏市,桜スカイホテル柏,千葉県柏市小青田1丁目2番地-1,フロント,1,04-7137-1166,,,毎日利用可能,,24時間,
122173,276,千葉県,柏市,三井ガーデンホテル柏の葉,千葉県柏市若柴178−4柏の葉キャンパス148街区2,フロント,1,04-7134-3131,,,毎日利用可能,,24時間,
122173,277,千葉県,柏市,日本郵便株式会社　柏郵便局,千葉県柏市東上町6番29号,駐車場側出入口,1,04-7164-9415,,,,,7:00〜0:00，24時間,
122173,278,千葉県,柏市,ホテルデルプラド,千葉県柏市若柴257番地,フロントデスク,1,04-7131-7188,,,毎日利用可能,,24時間,
122173,279,千葉県,柏市,相鉄フレッサイン千葉柏,千葉県柏市柏2−5−18,ホテル玄関入口ロビー,1,,,,毎日利用可能,,24時間,
122173,280,千葉県,柏市,東横ＩＮＮ柏駅西口,千葉県柏市末広町4−15,フロント,1,04-7180-1045,,,毎日利用可能,,24時間,
122173,281,千葉県,柏市,ウエルシア柏名戸ヶ谷店,千葉県柏市名戸ヶ谷857−2,レジ付近・調剤室,2,04-7165-7773,,,毎日利用可能,,9:00〜24:00,
122173,282,千葉県,柏市,ウエルシア南増尾店,千葉県柏市南増尾8−3−31,レジ付近,1,04-7160-7667,,,毎日利用可能,,9:00〜24:00,
122173,283,千葉県,柏市,ウエルシア柏豊四季店,千葉県柏市豊四季269−9,レジ付近,1,04-7141-2530,,,毎日利用可能,,9:00〜24:00,
122173,284,千葉県,柏市,ウエルシア柏の葉キャンパス店,千葉県柏市中十余二397−1中央182街区3,レジ付近,1,04-7137-3015,,,毎日利用可能,,9:00〜24:00,
122173,285,千葉県,柏市,ウエルシア南柏駅西口店,千葉県柏市南柏1−8−16,レジ付近,1,04-7141-6371,,,毎日利用可能,,9:00〜24:00,
122173,286,千葉県,柏市,ウエルシア北柏店,千葉県柏市北柏4−3−12,レジ付近,1,04-7160-2750,,,毎日利用可能,,9:00〜24:00,
122173,287,千葉県,柏市,ウエルシア柏しいの木台店,千葉県柏市しいの木台2−1,レジ付近,1,04-7330-6220,,,毎日利用可能,,9:00〜24:00,
122173,288,千葉県,柏市,ウエルシア柏酒井根店,千葉県柏市酒井根2−37−5,レジ付近,1,04-7170-5124,,,毎日利用可能,,9:00〜24:00,
122173,289,千葉県,柏市,ウエルシア南柏店,千葉県柏市豊四季816−14,レジ付近,1,04-7160-7885,,,毎日利用可能,,9:00〜24:00,
122173,290,千葉県,柏市,ウエルシア沼南店,千葉県柏市大島田305−5,レジ付近,1,04-7190-1813,,,毎日利用可能,,9:00〜24:00,
122173,291,千葉県,柏市,八木歯科,千葉県柏市大津ヶ丘4−24−17,診療室,1,04-7193-1184,,,,木・日・祝,9:00〜18:30,
122173,292,千葉県,柏市,永木歯科医院,千葉県柏市北柏3−13−10,受付,1,04-7163-5228,,,,木・日・祝,9:00〜19:00,
122173,293,千葉県,柏市,てらだデンタルクリニック,千葉県柏市松葉町2−15−2,レントゲン室内,1,04-7136-8846,,,,木・日・祝,9;00〜18:30,
122173,294,千葉県,柏市,神長歯科医院,千葉県柏市若柴91−13,レントゲン室内,1,04-7128-9791,,,,日・祝,8:30〜18:00,水・木8:30〜12:30
122173,295,千葉県,柏市,天野歯科医院,千葉県柏市松葉町3−22−18,診療室内,1,04-7134-0118,,,,日・祝,10:00〜13:00，14:30〜18:00,火10:00〜13:00，14:30〜20:00，土10:00〜13:00，14:30〜18:00
122173,296,千葉県,柏市,石戸歯科医院,千葉県柏市大井843−2,診療室,1,04-7191-6903,,,,木・日・祝,9:00〜18:00,
122173,297,千葉県,柏市,にしまき歯科,千葉県柏市泉町15−10,診療室,1,04-7167-6538,,,,水・日・祝,9:00〜18:00,土9:00〜17:00
122173,298,千葉県,柏市,ナガシマ歯科医院,千葉県柏市今谷上町43−52,診療所内,1,04-7174-2265,,,,木・日・祝,9:00〜13:00，14:30〜18:00,
122173,299,千葉県,柏市,金剛寺歯科クリニック,千葉県柏市増尾台3−8−34,レントゲン室,1,04-7175-8811,,,,木・日・祝,9:30〜18:30,土9:30〜15:00
122173,300,千葉県,柏市,ながお歯科医院,千葉県柏市旭町2−5−4,レントゲン室,1,04-7145-2080,,,,木・日・祝,9:30〜20:00,火・水〜19:00，土〜17:00
122173,301,千葉県,柏市,ライフタウン歯科クリニック,千葉県柏市松葉町1−16−6,受付棚横,1,04-7135-0748,,,,水・日・祝,9:00〜13:00，14:30〜18:00,土9:00〜13:00，14:30〜17:30
122173,302,千葉県,柏市,あおい歯科,千葉県柏市若柴173−8柏の葉キャンパス151街区Ｂ棟ＳＢ−1,診療室内,1,04-7132-8122,,,,木・日・祝,9:30〜20:00,
122173,303,千葉県,柏市,鏑木歯科,千葉県柏市西原1−1−2,診療室内,1,04-7154-2800,,,,木・日・祝,9:00〜12:30，14:00〜18:30,土9:00〜12:30，14:00〜16:30
122173,304,千葉県,柏市,ウエルシア柏中原店,千葉県柏市中原1814番地1,レジ付近,1,04-7164-2662,,,毎日利用可能,,9:00〜20:00,
122173,305,千葉県,柏市,やくやま歯科,千葉県柏市根戸386-1,診療室内,1,04-7133-1184,,,,木・日・祝,10:00〜13:00，14:30〜18:00,
122173,306,千葉県,柏市,柏千代田歯科・小児歯科,千葉県柏市千代田2−2−1−102,院内（診療室内）,1,04-7197-7162,,,,木・日・祝,9:00〜19:00,土9:00〜17:00
122173,307,千葉県,柏市,金丸歯科医院,千葉県柏市豊四季1006−6,玄関,1,04-7139-3860,,,,日・祝,9:00〜20:00,
122173,308,千葉県,柏市,細田歯科医院,千葉県柏市明原4−11−8,受付,1,04-7145-8084,,,,日・祝,9:00〜18:00,月・水9:00〜20:00
122173,309,千葉県,柏市,山口歯科医院,千葉県柏市旭町1−9−14,診療室内,1,04-7147-6765,,,,木・日・祝,9:00〜18:30,
122173,310,千葉県,柏市,イオンモール柏,千葉県柏市豊町2−5−25,防災センター・サービスカウンター,2,04-7142-5100,,,毎日利用可能,,10:00〜21:00,
122173,311,千葉県,柏市,おおの歯科医院,千葉県柏市今谷上町66−2,診療所内,1,04-7176-5232,,,,木・日・祝,9:00〜19:00,土9:00〜17:00
122173,312,千葉県,柏市,中野歯科医院,千葉県柏市明原4−12−20,診療室,1,04-7147-0263,,,,日・祝,10:00〜16:00,
122173,313,千葉県,柏市,セブンパークアリオ柏,千葉県柏市大島田1−6−1,1Fインフォメーション，防災センター，3Ｆサービスカウンター,3,04-7190-1111,,,毎日利用可能,,10:00〜21:00,レストラン・フードコート22:00まで
122173,314,千葉県,柏市,加文字歯科医院,千葉県柏市逆井4−7−13,診療所内,1,04-7174-1925,,,,月・金・祝・年末年始,9:00〜19:00,
122173,315,千葉県,柏市,株式会社ケイソー,千葉県柏市みどり台2−21−22,車内,3,04-7115-2228,,,毎日利用可能,1月1日，1月2日,7:00〜20:00,柏市内移動車両に積載
122173,316,千葉県,柏市,ファーストキャビン柏の葉,千葉県柏市若柴226番地42中央144街区2,フロント,1,04-7193-8010,,,毎日利用可能,,24時間,
122173,317,千葉県,柏市,田口歯科医院,千葉県柏市つくしが丘3−8−8,診療室,1,04-7175-6480,,,月・火・水・木・土,木・日・祝・年末年始,9:00〜12:00，14:00〜18:00,土9:00〜12:00，14:00〜17:00
122173,318,千葉県,柏市,学校法人くるみ学園　北柏駅前保育園わらび,千葉県柏市北柏3−2−5,玄関,1,04-7166-7355,,,月〜金,日・祝,7:30〜19:00,
122173,319,千葉県,柏市,学校法人くるみ学園　幼保連携型こども園　くるみこども園,千葉県柏市豊四季台1−1−113,1階事務所,1,04-7144-1647,,,月〜金,日・祝,7:00〜19:00,土7:30〜18:00
122173,320,千葉県,柏市,株式会社千葉銀行　柏支店,千葉県柏市中央1丁目1番1号,1階ロビー,1,043-301-8485,,,平日,土・日・祝日,9:00〜15:00,
122173,321,千葉県,柏市,株式会社千葉銀行　増尾支店,千葉県柏市加賀3丁目24番15号,1階ロビー,1,043-301-8485,,,平日,土・日・祝日,9:00〜15:00,
122173,322,千葉県,柏市,株式会社千葉銀行　南柏支店,千葉県柏市今谷上町45番地の1,1階ロビー,1,043-301-8485,,,平日,土・日・祝日,9:00〜15:00,
122173,323,千葉県,柏市,株式会社千葉銀行　花野井支店,千葉県柏市花野井681番地,1階ロビー,1,043-301-8485,,,平日,土・日・祝日,9:00〜15:00,
122173,324,千葉県,柏市,株式会社千葉銀行　柏西口支店,千葉県柏市末広町5番19号,1階ロビー,1,043-301-8485,,,平日,土・日・祝日,9:00〜15:00,
122173,325,千葉県,柏市,株式会社千葉銀行　柏の葉キャンパス支店,千葉県柏市若柴178番4　柏の葉キャンパス150街区2,1階ロビー,1,043-301-8485,,,平日,土・日・祝日,9:00〜15:00,
122173,326,千葉県,柏市,セブン−イレブン　柏高柳駅西店,千葉県柏市柏市高柳1630番地1,,1,04-7193-3901,,,毎日利用可能,,24時間,
122173,327,千葉県,柏市,セブン−イレブン　柏松ヶ崎東店,千葉県柏市柏市松ケ崎456,,1,04-7134-8076,,,毎日利用可能,,24時間,
122173,328,千葉県,柏市,セブン−イレブン　柏千代田2丁目店,千葉県柏市柏市千代田2丁目7番20号,,1,04-7164-8511,,,毎日利用可能,,24時間,
122173,329,千葉県,柏市,セブン−イレブン　柏船戸店,千葉県柏市柏市船戸2072−1,,1,04-7131-5855,,,毎日利用可能,,24時間,
122173,330,千葉県,柏市,セブン−イレブン　柏明原店,千葉県柏市柏市明原3丁目3番15号,,1,04-7143-2766,,,毎日利用可能,,24時間,
122173,331,千葉県,柏市,セブン−イレブン　南柏2丁目店,千葉県柏市柏市南柏2丁目10−16,,1,04-7147-3665,,,毎日利用可能,,24時間,
122173,332,千葉県,柏市,セブン−イレブン　南柏駅東口店,千葉県柏市柏市今谷上町70番1,,1,04-7171-1520,35.8422026,139.9532246,毎日利用可能,,24時間,
122173,333,千葉県,柏市,セブン−イレブン　柏あけぼの4丁目店,千葉県柏市柏市あけぼの4−1−3,,1,04-7144-7085,,,毎日利用可能,,24時間,
122173,334,千葉県,柏市,セブン−イレブン　柏吉野沢店,千葉県柏市柏市吉野沢1番2号,,1,04-7145-7107,,,毎日利用可能,,24時間,
122173,335,千葉県,柏市,セブン−イレブン　柏十余二北店,千葉県柏市柏市十余二276−133,,1,04-7134-7210,,,毎日利用可能,,24時間,
122173,336,千葉県,柏市,セブン−イレブン　柏松葉町1丁目店,千葉県柏市柏市松葉町1−2−12,,1,04-7132-0857,,,毎日利用可能,,24時間,
122173,337,千葉県,柏市,セブン−イレブン　柏青葉台1丁目店,千葉県柏市柏市青葉台1丁目11−27,,1,04-7171-5250,,,毎日利用可能,,24時間,
122173,338,千葉県,柏市,セブン−イレブン　柏中新宿店,千葉県柏市柏市中新宿2−4−1,,1,04-7172-3194,,,毎日利用可能,,24時間,
122173,339,千葉県,柏市,セブン−イレブン　柏南増尾1丁目店,千葉県柏市柏市南増尾1−25−23,,1,04-7175-0630,,,毎日利用可能,,24時間,
122173,340,千葉県,柏市,セブン−イレブン　柏豊四季南店,千葉県柏市柏市豊四季372−4,,1,04-7144-7700,,,毎日利用可能,,24時間,
122173,341,千葉県,柏市,セブン−イレブン　柏の葉キャンパス店,千葉県柏市柏市十余二363−15,,1,04-7133-7122,,,毎日利用可能,,24時間,
122173,342,千葉県,柏市,セブン−イレブン　柏風早工業団地店,千葉県柏市柏市藤ケ谷1923−45,,1,04-7191-3301,,,毎日利用可能,,24時間,
122173,343,千葉県,柏市,セブン−イレブン　沼南しいの木台店,千葉県柏市柏市しいの木台3丁目26番地1,,1,047-383-0065,,,毎日利用可能,,24時間,
122173,344,千葉県,柏市,セブン−イレブン　沼南下清水店,千葉県柏市柏市若白毛917番地2,,1,04-7193-7177,,,毎日利用可能,,24時間,
122173,345,千葉県,柏市,セブン−イレブン　沼南大津ケ丘店,千葉県柏市柏市大津ケ丘4丁目4番1号,,1,04-7191-7734,,,毎日利用可能,,24時間,
122173,346,千葉県,柏市,セブン−イレブン　柏3丁目店,千葉県柏市柏市柏3−7−24,,1,04-7168-6855,,,毎日利用可能,,24時間,
122173,347,千葉県,柏市,セブン−イレブン　柏サイエンスパーク店,千葉県柏市柏市十余二572−117,,1,04-7153-7644,,,毎日利用可能,,24時間,
122173,348,千葉県,柏市,セブン−イレブン　柏駅南口店,千葉県柏市柏市柏1丁目2番27号,,1,04-7164-7011,,,毎日利用可能,,24時間,
122173,349,千葉県,柏市,セブン−イレブン　柏加賀3丁目店,千葉県柏市柏市加賀3丁目27−6,,1,04-7171-7011,35.8286339,139.974854,毎日利用可能,,24時間,
122173,350,千葉県,柏市,セブン−イレブン　柏花野井店,千葉県柏市柏市花野井712番地85,,1,04-7131-1444,,,毎日利用可能,,24時間,
122173,351,千葉県,柏市,セブン−イレブン　柏高田店,千葉県柏市柏市高田1353番地,,1,04-7148-7011,,,毎日利用可能,,24時間,
122173,352,千葉県,柏市,セブン−イレブン　柏松ヶ崎 (SS)店,千葉県柏市柏市松ヶ崎713−1,,1,04-7133-7122,,,毎日利用可能,,24時間,
122173,353,千葉県,柏市,セブン−イレブン　柏東上町店,千葉県柏市柏市東上町2−28,,1,04-7166-6710,,,毎日利用可能,,24時間,
122173,354,千葉県,柏市,セブン−イレブン　沼南藤ヶ谷店,千葉県柏市柏市藤ケ谷911−5,,1,04-7193-7751,,,毎日利用可能,,24時間,
122173,355,千葉県,柏市,セブン−イレブン　南柏豊四季店,千葉県柏市柏市豊四季972−18,,1,04-7175-3983,,,毎日利用可能,,24時間,
122173,356,千葉県,柏市,セブン−イレブン　柏旭町4丁目店,千葉県柏市柏市旭町4−11−47,,1,04-7146-1165,,,毎日利用可能,,24時間,
122173,357,千葉県,柏市,セブン−イレブン　柏関場町店,千葉県柏市柏市関場町1番地1,,1,04-7162-1776,,,毎日利用可能,,24時間,
122173,358,千葉県,柏市,セブン−イレブン　柏逆井店,千葉県柏市柏市逆井1−6−12,,1,04-7173-8441,35.8229461,139.9821037,毎日利用可能,,24時間,
122173,359,千葉県,柏市,セブン−イレブン　柏光ヶ丘店,千葉県柏市柏市東中新宿4−7−3,,1,04-7174-4481,35.8285513,139.9606791,毎日利用可能,,24時間,
122173,360,千葉県,柏市,セブン−イレブン　柏十余二工業団地店,千葉県柏市柏市十余二240番地3,,1,04-7146-8159,,,毎日利用可能,,24時間,
122173,361,千葉県,柏市,セブン−イレブン　柏松葉町店,千葉県柏市柏市松葉町2丁目14番1,,1,04-7133-4174,,,毎日利用可能,,24時間,
122173,362,千葉県,柏市,セブン−イレブン　柏増尾店,千葉県柏市柏市増尾1156番地7,,1,04-7171-6858,,,毎日利用可能,,24時間,
122173,363,千葉県,柏市,セブン−イレブン　柏大室店,千葉県柏市柏市大室1192番地3,,1,04-7132-7383,35.9004335,139.96235,毎日利用可能,,24時間,
122173,364,千葉県,柏市,セブン−イレブン　柏中原2丁目店,千葉県柏市柏市中原2丁目21−11,,1,04-7175-2051,35.8235929,139.9680014,毎日利用可能,,24時間,
122173,365,千葉県,柏市,セブン−イレブン　柏東台店,千葉県柏市柏市柏1305−3,,1,04-7163-5010,35.8595347,139.9851628,毎日利用可能,,24時間,
122173,366,千葉県,柏市,セブン−イレブン　北柏3丁目店,千葉県柏市柏市北柏3丁目14−1,,1,04-7163-4800,35.872035,139.9870953,毎日利用可能,,24時間,
122173,367,千葉県,柏市,セブン−イレブン　柏豊住3丁目店,千葉県柏市柏市豊住3−3−2,,1,04-7173-1006,,,毎日利用可能,,24時間,
122173,368,千葉県,柏市,セブン−イレブン　柏大井店,千葉県柏市柏市大井568−1,,1,04-7193-5081,,,毎日利用可能,,24時間,
122173,369,千葉県,柏市,セブン−イレブン　柏花野井北店,千葉県柏市柏市花野井1019番地1,,1,04-7134-0677,,,毎日利用可能,,24時間,
122173,370,千葉県,柏市,セブン−イレブン　ＤａｙＯｎｅタワー柏店,千葉県柏市柏市柏1−7−1,,1,04-7168-2711,,,毎日利用可能,,24時間,
122173,371,千葉県,柏市,セブン−イレブン　柏旭町8丁目店,千葉県柏市柏市旭町8−5−65,,1,04-7147-2607,,,毎日利用可能,,24時間,
122173,372,千葉県,柏市,セブン−イレブン　柏豊四季駅東店,千葉県柏市柏市豊四季185−23,,1,04-7141-0388,,,毎日利用可能,,24時間,
122173,373,千葉県,柏市,セブン−イレブン　柏西原3丁目店,千葉県柏市柏市西原3−7−8,,1,04-7155-3250,,,毎日利用可能,,24時間,
122173,374,千葉県,柏市,セブン−イレブン　柏十余二店,千葉県柏市柏市十余二380−209,,1,04-7133-6255,,,毎日利用可能,,24時間,
122173,375,千葉県,柏市,ファミリーマート　マツマル柏店,千葉県柏市柏市末広町11番地15,,1,04-7143-8869,,,毎日利用可能,,24時間,
122173,376,千葉県,柏市,ファミリーマート　西原三丁目店,千葉県柏市柏市西原3丁目1番1号,,1,04-7178-3211,,,毎日利用可能,,24時間,
122173,377,千葉県,柏市,ファミリーマート　中嶋屋豊四季駅前店,千葉県柏市柏市豊四季1001番地レクセルプラザ豊四季,,1,04-7141-3047,,,毎日利用可能,,24時間,
122173,378,千葉県,柏市,ファミリーマート　柏大室店,千葉県柏市柏市花野井750−1,,1,04-7137-1152,,,毎日利用可能,,24時間,
122173,379,千葉県,柏市,ファミリーマート　柏駅末広町店,千葉県柏市柏市末広町5番地1ベルウッドビル1Ｆ,,1,04-7141-7081,,,毎日利用可能,,24時間,
122173,380,千葉県,柏市,ファミリーマート　柏五丁目店,千葉県柏市柏市柏五丁目1−1,,1,04-7160-4381,,,毎日利用可能,,24時間,
122173,381,千葉県,柏市,ファミリーマート　柏高田店,千葉県柏市柏市高田146番3,,1,04-7142-7055,,,毎日利用可能,,24時間,
122173,382,千葉県,柏市,ファミリーマート　柏若柴店,千葉県柏市柏市若柴字入谷津1−55,,1,04-7137-6610,,,毎日利用可能,,24時間,
122173,383,千葉県,柏市,ファミリーマート　柏西原店,千葉県柏市柏市西原6丁目9番17号,,1,04-7155-3831,35.8874473,139.9239312,毎日利用可能,,24時間,
122173,384,千葉県,柏市,ファミリーマート　柏中央一丁目店,千葉県柏市柏市中央1−5−9,,1,04-7165-7301,35.8581553,139.9715709,毎日利用可能,,24時間,
122173,385,千葉県,柏市,ファミリーマート　柏藤ヶ谷店,千葉県柏市柏市藤ケ谷1795−15,,1,04-7160-8201,,,毎日利用可能,,24時間,
122173,386,千葉県,柏市,ファミリーマート　柏南高柳店,千葉県柏市柏市南高柳56−4,,1,04-7160-6220,,,毎日利用可能,,24時間,
122173,387,千葉県,柏市,ファミリーマート　柏豊四季店,千葉県柏市柏市豊四季226番地3,,1,04-7140-0316,,,毎日利用可能,,6:00〜23:00,
122173,388,千葉県,柏市,ファミリーマート　柏明原一丁目店,千葉県柏市柏市明原一丁目8−19,,1,04-7142-9530,35.8623324,139.9669414,毎日利用可能,,24時間,
122173,389,千葉県,柏市,ファミリーマート　北柏三丁目店,千葉県柏市柏市北柏3丁目13−19,,1,04-7160-1511,35.8734139,139.9862196,毎日利用可能,,24時間,
122173,390,千葉県,柏市,ファミリーマート　北柏台店,千葉県柏市柏市北柏台5番2,,1,04-7160-2660,,,毎日利用可能,,24時間,
122173,391,千葉県,柏市,ファミリーマート　柏インター西店,千葉県柏市柏市大青田字中山新田744−21,,1,04-7135-6261,,,毎日利用可能,,24時間,
122173,392,千葉県,柏市,ファミリーマート　柏たなか店,千葉県柏市柏市柏北部東地区63街区1 　小青田47−1,,1,04-7137-1041,,,毎日利用可能,,24時間,
122173,393,千葉県,柏市,ファミリーマート　柏の葉五丁目店,千葉県柏市柏市柏の葉5−4−17,,1,04-7135-8007,,,毎日利用可能,,24時間,
122173,394,千葉県,柏市,ファミリーマート　柏駅西口店,千葉県柏市柏市旭町1−1−7第5彰栄ビル,,1,04-7141-7050,,,毎日利用可能,,24時間,
122173,395,千葉県,柏市,ファミリーマート　柏松葉町七丁目店,千葉県柏市柏市松葉町7丁目14−1,,1,04-7135-7566,,,毎日利用可能,,24時間,
122173,396,千葉県,柏市,ファミリーマート　柏新富町店,千葉県柏市柏市豊四季489−1,,1,04-7141-6156,35.8524436,139.9521413,毎日利用可能,,24時間,
122173,397,千葉県,柏市,ファミリーマート　柏大井店,千葉県柏市柏市大井499番地,,1,04-7190-1530,,,毎日利用可能,,24時間,
122173,398,千葉県,柏市,ファミリーマート　柏大津ヶ丘店,千葉県柏市柏市大津ヶ丘1−29−3,,1,04-7190-4311,,,毎日利用可能,,24時間,
122173,399,千葉県,柏市,ファミリーマート　柏大津ケ丘四丁目店,千葉県柏市柏市大津ケ丘4丁目1−5,,1,04-7190-0530,,,毎日利用可能,,24時間,
122173,400,千葉県,柏市,ファミリーマート　柏富勢店,千葉県柏市柏市根戸467番地2,,1,04-7131-8533,,,毎日利用可能,,24時間,
122173,401,千葉県,柏市,ファミリーマート　柏名戸ヶ谷店,千葉県柏市柏市名戸ケ谷1170−1,,1,04-7160-1030,35.8403706,139.9804567,毎日利用可能,,24時間,
122173,402,千葉県,柏市,ファミリーマート　柏柳戸店,千葉県柏市柏市柳戸522−1,,1,04-7190-0751,,,毎日利用可能,,24時間,
122173,403,千葉県,柏市,ファミリーマート　柏市民の森店,千葉県柏市柏市高柳2−4,,1,04-7191-7311,,,毎日利用可能,,24時間,
122173,404,千葉県,柏市,ファミリーマート　薬ヒグチ柏店,千葉県柏市柏市柏2−3−1　オークプラザ2　1階,,1,04-7167-5677,,,毎日利用可能,,24時間,
122173,405,千葉県,柏市,ファミリーマート　柏四丁目店,千葉県柏市柏市柏4丁目11番10号,,1,04-7165-1612,,,毎日利用可能,,24時間,
122173,406,千葉県,柏市,ファミリーマート　柏駅前店,千葉県柏市柏市旭町1−1−21,,1,04-7146-5866,,,毎日利用可能,,24時間,
122173,407,千葉県,柏市,ファミリーマート　柏東上町店,千葉県柏市柏市東上町3−8柏パークホームズ101,,1,04-7166-1258,,,毎日利用可能,,24時間,
122173,408,千葉県,柏市,ファミリーマート　北柏駅北口店,千葉県柏市柏市根戸1864番地4,,1,04-7134-1256,,,毎日利用可能,,24時間,
122173,409,千葉県,柏市,ファミリーマート　柏松ヶ崎店,千葉県柏市柏市松ケ崎616−5,,1,04-7137-0302,,,毎日利用可能,,24時間,
122173,410,千葉県,柏市,ファミリーマート　柏富里店,千葉県柏市柏市富里2−5−5,,1,04-7178-0130,,,毎日利用可能,,24時間,
122173,411,千葉県,柏市,ファミリーマート　北柏駅前店,千葉県柏市柏市北柏3丁目1番1号,,1,04-7167-5235,,,毎日利用可能,,24時間,
122173,412,千葉県,柏市,ファミリーマート　柏花野井店,千葉県柏市柏市花野井1810番地1,,1,04-7137-0396,,,毎日利用可能,,24時間,
122173,413,千葉県,柏市,ローソン　柏駅東口店,千葉県柏市柏市柏4丁目8番14号,,1,04-7163-7768,,,毎日利用可能,,24時間,
122173,414,千葉県,柏市,ローソン　柏慈恵医大前店,千葉県柏市柏市柏下150−1,,1,04-7162-5017,,,毎日利用可能,,24時間,
122173,415,千葉県,柏市,ローソン　柏大津ヶ丘三丁目店,千葉県柏市柏市大津ケ丘3丁目7番1号,,1,04-7193-3036,,,毎日利用可能,,24時間,
122173,416,千葉県,柏市,ローソン　柏藤心店,千葉県柏市柏市藤心967−2,,1,04-7172-0341,,,毎日利用可能,,24時間,
122173,417,千葉県,柏市,ローソン　柏豊四季店,千葉県柏市柏市豊四季337番地3,,1,04-7145-2388,,,毎日利用可能,,24時間,
122173,418,千葉県,柏市,ローソンストア100　柏千代田店,千葉県柏市柏市千代田1丁目2番50号,,1,04-7165-0199,35.8582934,139.9745532,毎日利用可能,,24時間,
122173,419,千葉県,柏市,ローソンストア100　南柏一丁目店,千葉県柏市柏市南柏1−1−3,,1,04-7141-7199,,,毎日利用可能,,24時間,
122173,420,千葉県,柏市,ローソン　南柏駅東口店,千葉県柏市柏市南柏中央1番地1,,1,04-7171-3963,,,毎日利用可能,,24時間,
122173,421,千葉県,柏市,ローソン　柏しいの木台店,千葉県柏市柏市しいの木台4−1−7,,1,047-389-5456,,,毎日利用可能,,24時間,
122173,422,千葉県,柏市,ローソン　柏の葉16号店,千葉県柏市柏市正連寺392番地4中央134街区7,,1,04-7134-7220,,,毎日利用可能,,24時間,
122173,423,千葉県,柏市,ローソン　柏の葉キャンパスシティ店,千葉県柏市柏市若柴148−1ららぽーと柏の葉北館1Ｆ,,1,04-7137-3035,,,毎日利用可能,,24時間,
122173,424,千葉県,柏市,ローソン　柏酒井根店,千葉県柏市柏市酒井根630番2−21,,1,04-7171-0800,,,毎日利用可能,,24時間,
122173,425,千葉県,柏市,ローソン　柏松ケ崎店,千葉県柏市柏市松ケ崎新田1−8,,1,04-7134-3115,,,毎日利用可能,,24時間,
122173,426,千葉県,柏市,ローソン　柏増尾八丁目店,千葉県柏市柏市増尾8丁目37−11,,1,04-7175-5551,,,毎日利用可能,,24時間,
122173,427,千葉県,柏市,ローソン　柏大井店,千葉県柏市柏市大井1901番地1,,1,04-7193-2201,,,毎日利用可能,,24時間,
122173,428,千葉県,柏市,ローソン　柏藤ヶ谷十字路店,千葉県柏市柏市藤ケ谷新田69−4,,1,04-7192-4141,,,毎日利用可能,,24時間,
122173,429,千葉県,柏市,ローソン　柏布施店,千葉県柏市柏市布施1323番地1,,1,04-7131-3222,,,毎日利用可能,,24時間,
122173,430,千葉県,柏市,ローソン　柏箕輪新田店,千葉県柏市柏市箕輪新田89番地6,,1,04-7193-4163,,,毎日利用可能,,24時間,
122173,431,千葉県,柏市,ローソン　柏名戸ヶ谷一丁目店,千葉県柏市柏市名戸ケ谷1−7−35,,1,04-7160-3763,,,毎日利用可能,,24時間,
122173,432,千葉県,柏市,ローソン　柏逆井店　,千葉県柏市柏市逆井633−1,,1,04-7175-0015,,,毎日利用可能,,24時間,
122173,433,千葉県,柏市,ローソン　柏増尾駅前店,千葉県柏市柏市増尾1丁目1−5,,1,04-7197-3963,,,毎日利用可能,,24時間,
122173,434,千葉県,柏市,ミニストップ　柏逆井店,千葉県柏市柏市逆井1300番地3,,1,04-7176-6428,35.8126738,139.9763504,毎日利用可能,,24時間,
122173,435,千葉県,柏市,ミニストップ　柏酒井根店,千葉県柏市柏市酒井根2丁目37番7号,,1,04-7176-7161,,,毎日利用可能,,24時間,
122173,436,千葉県,柏市,ミニストップ　柏明原2丁目店,千葉県柏市柏市明原2丁目9−38,,1,04-7142-8686,,,毎日利用可能,,24時間,
122173,437,千葉県,柏市,ミニストップ　柏しこだ店,千葉県柏市柏市篠籠田字小町1374番1,,1,04-7147-2170,,,毎日利用可能,,6:00〜0:00,
122173,438,千葉県,柏市,ミニストップ　柏手賀の杜入口店,千葉県柏市柏市若白毛1261−3,,1,04-7190-0388,,,毎日利用可能,,24時間,
122173,439,千葉県,柏市,ミニストップ　柏名戸ヶ谷店,千葉県柏市柏市名戸ヶ谷742番11,,1,04-7160-3115,,,毎日利用可能,,24時間,
122173,440,千葉県,柏市,ミニストップ　柏増尾店,千葉県柏市柏市増尾1025−1,,1,04-7172-2122,,,毎日利用可能,,24時間,
122173,441,千葉県,柏市,ミニストップ　柏マルイ店,千葉県柏市柏市柏1−1−11,,1,04-7162-5412,,,毎日利用可能,,6:00〜22:00,
122173,442,千葉県,柏市,デイリーヤマザキ　市立柏病院前店,千葉県柏市柏市宿連寺365番地1,,1,04-7135-1537,,,毎日利用可能,,24時間,
122173,443,千葉県,柏市,デイリーヤマザキ　柏高田店,千葉県柏市柏市高田838−3,,1,04-7145-8071,35.8745804,139.9620982,毎日利用可能,,5:00〜0:00,
122173,444,千葉県,柏市,デイリーヤマザキ　新柏駅前店,千葉県柏市柏市新柏1−1510,,1,04-7167-3566,,,毎日利用可能,,6:00〜1:00,
122173,445,千葉県,柏市,デイリーヤマザキ　柏6丁目店,千葉県柏市柏市柏6丁目1−1,,1,04-7167-6831,,,毎日利用可能,,24時間,
122173,446,千葉県,柏市,デイリーヤマザキ　柏たなか店,千葉県柏市柏市船戸1611−5東46街区2,,1,04-7132-3381,,,毎日利用可能,,24時間,
122173,447,千葉県,柏市,デイリーヤマザキ　柏駅東口店,千葉県柏市柏市柏1丁目1番8号,,1,04-7162-3719,,,毎日利用可能,,24時間,
122173,448,千葉県,柏市,デイリーヤマザキ　豊四季駅前店,千葉県柏市柏市豊四季159−1,,1,04-7144-5533,35.8669136,139.9395813,毎日利用可能,,24時間,
